id.tag.year,X1,X2,X3,X4,X5,X6,X7,X8,X9,X10,X11,X12
(Np)-201253_201253_2020,0,0,0,0,0,0,1,2,2,0,0,0
00 White 2013_3515_2014,0,0,0,1,1,1,1,1,2,1,1,1
00 White 2013_3515_2015,1,1,1,1,1,1,1,1,1,1,1,1
00 White 2013_3515_2016,1,1,1,2,2,1,1,1,2,1,1,1
00 White 2013_3515_2017,1,1,1,2,1,1,1,1,2,1,1,1
00 White 2013_3515_2018,1,1,2,2,1,1,1,2,1,1,1,1
00 White 2013_3515_2019,1,1,2,1,1,1,1,1,2,1,0,0
18 White_3516_2014,0,0,0,1,0,0,0,0,0,0,0,0
19 White_3517_2014,0,0,0,1,1,1,2,2,0,0,0,0
A02 Green 2013_3514_2014,0,0,0,1,1,1,2,2,1,1,1,1
A02 Green 2013_3514_2015,1,1,1,1,1,1,1,1,1,1,1,1
A02 Green 2013_3514_2016,1,1,1,1,2,1,1,2,1,1,1,1
A02 Green 2013_3514_2017,1,1,1,2,0,0,0,0,0,0,0,0
A17 Green_17113_2017,0,0,0,1,1,1,1,0,0,0,0,0
A25 Green_171087_2017,0,0,0,0,0,0,0,0,0,0,0,1
A25 Green_171087_2018,1,1,1,1,0,0,0,0,0,0,0,0
A26 Green_171080_2017,0,0,0,0,0,0,0,0,0,0,0,1
A26 Green_171080_2018,1,1,1,1,1,1,1,2,2,1,1,0
A26 Green_171080_2019,0,0,0,0,2,1,1,1,2,1,1,1
A26 Green_171080_2020,1,1,1,2,1,1,1,1,2,1,0,0
A46 Green_17112_2017,0,0,0,1,1,1,1,1,1,1,1,1
A46 Green_17112_2018,1,1,1,1,1,0,0,0,0,0,0,0
A47 Green_171082_2017,0,0,0,0,0,0,0,0,0,0,0,2
A47 Green_171082_2018,2,1,1,1,1,1,1,2,0,0,0,0
Agata_119157_2015,0,0,0,0,0,0,0,1,2,0,0,0
Agri_130662_2013,0,0,0,0,0,1,1,1,2,1,1,1
Agri_130662_2014,1,1,2,2,1,1,1,0,0,0,0,0
Akaga_171362_2018,0,0,0,0,1,1,1,2,2,1,1,1
Akaga_171362_2019,1,1,1,1,1,1,1,1,1,1,0,0
Akev I11 Red_190598_2019,0,0,0,0,0,0,1,2,2,0,0,0
Alimerah_182254_2020,1,1,1,1,1,0,0,0,0,0,0,0
Amud H08 Blue_180318_2018,0,0,0,0,0,0,0,1,2,1,1,1
Amud H08 Blue_180318_2019,1,1,2,2,1,1,1,1,2,1,1,1
Amud H08 Blue_180318_2020,1,1,2,1,1,1,1,1,2,1,0,0
Amud_L 2019 I12 Red_190601_2019,0,0,0,0,0,0,1,1,2,2,0,0
Amud_S 2019 I17 Red_190602_2019,0,0,0,0,0,0,1,1,2,2,0,0
Anahita_200640_2020,0,0,0,0,0,0,0,1,2,0,0,0
Andi_182261_2019,0,0,0,0,1,1,1,2,2,2,1,1
Andi_182261_2020,1,1,1,1,1,1,1,1,1,1,0,0
Aneta_48500502206_2015,0,0,0,0,0,0,0,0,2,2,0,0
Anna_171348_2018,0,0,0,0,0,0,0,1,2,0,0,0
Aoos_118154_2015,0,0,0,1,1,1,1,1,2,1,1,1
Aoos_118154_2016,1,1,2,2,1,1,1,1,2,2,1,1
Aoos_118154_2017,1,1,2,2,1,1,1,1,2,1,1,1
Aoos_118154_2018,1,1,2,2,1,1,1,2,2,1,1,1
Aoos_118154_2019,1,1,2,2,1,1,1,2,2,1,1,1
Aoos_118154_2020,1,1,2,1,1,1,1,1,2,2,0,0
Apollo_16093_2017,0,0,0,0,0,0,1,1,2,0,0,0
Aras_118176_2012,0,0,0,0,0,0,0,1,2,1,1,1
Aras_118176_2013,1,1,0,0,0,0,0,0,0,0,0,0
Arda_118147_2012,0,0,0,0,0,0,0,1,2,2,1,1
Arda_118147_2013,1,1,1,0,0,0,0,0,0,0,0,0
Ardahan_210_2013,0,0,0,0,0,1,1,1,2,2,1,1
Ardahan_210_2014,1,1,1,2,1,1,1,1,2,0,0,0
Ardi_182265_2019,2,2,1,1,1,1,1,2,1,1,1,1
Ardi_182265_2020,1,2,1,1,0,0,0,0,0,0,0,0
Armenia2_48500703868_2015,0,0,0,0,0,0,1,1,2,1,0,0
Armenia3_48500704009_2015,0,0,0,0,0,0,1,1,2,2,1,0
Arpacay_118174_2012,0,0,0,0,0,0,0,2,2,0,0,0
Arribas_171068_2019,0,0,0,0,0,0,0,0,2,2,1,1
Arribas_171068_2020,1,1,1,1,1,1,1,1,1,1,0,0
Asparuh_131250_2013,0,0,0,0,0,0,0,1,2,0,0,0
Awash_182257_2019,0,0,0,0,0,0,0,0,0,0,0,1
Awash_182257_2020,1,1,1,1,2,2,2,0,0,0,0,0
Azahar 75657_75657_2007,0,0,0,0,0,0,0,1,2,1,1,1
Azahar 75657_75657_2008,1,1,2,1,1,1,1,1,2,1,1,1
Azahar 75657_75657_2009,1,2,2,1,1,1,1,1,2,1,1,1
Azahar 75657_75657_2010,1,1,2,1,1,1,1,1,2,1,1,1
Azahar 75657_75657_2011,1,1,2,1,1,1,1,1,2,1,1,1
Azahar 75657_75657_2012,1,2,2,1,1,1,1,2,2,1,1,1
Azahar 75657_75657_2013,1,2,2,1,1,1,1,1,2,1,1,0
Barak I33 Red_200643_2020,0,0,0,0,0,1,1,1,2,1,0,0
Baronnies_2019_Imm_wild_OR181635_5T_181635_2019,0,0,0,1,1,1,0,0,0,0,0,0
Baronnies_2019_Imm_wild_OR181635_5T_181635_2020,0,0,0,0,1,1,1,1,2,1,0,0
Basque_2019_Imm_wild_OR171005_PM0_171005_2019,0,0,0,0,0,0,1,1,2,0,0,0
Basque_2019_Imm_wild_OR180110_PC2_180110_2019,0,0,0,0,0,0,1,1,2,2,1,1
Basque_2019_Imm_wild_OR180110_PC2_180110_2020,1,1,1,1,1,1,1,1,1,1,0,0
Basque_2020_Imm_wild_OR180109_PR9_180109_2020,0,0,0,0,0,0,1,1,2,0,0,0
BatuecasA_17020_2017,0,0,0,0,0,1,1,1,2,1,1,1
BatuecasA_17020_2018,1,2,2,1,1,1,1,1,2,1,1,1
BatuecasA_17020_2019,1,2,1,1,1,1,1,1,2,1,1,1
BatuecasA_17020_2020,1,2,2,1,1,1,1,1,2,2,0,0
Beatrice_AF5AF11F_2019,0,0,0,0,0,0,0,1,0,0,0,0
Belgin_171346_2018,0,0,0,0,0,0,0,1,2,0,0,0
Berenice_130672_2013,0,0,0,0,0,0,0,2,2,0,0,0
Bianca_IHB_AF5AF11F_2018,0,0,0,0,0,0,0,1,2,0,0,0
Bibei-2HN_137397_2015,0,0,0,0,0,0,1,1,1,2,1,1
Bibei-2HN_137397_2016,1,1,1,1,1,1,1,1,1,1,1,1
Bibei-2HN_137397_2017,1,1,1,1,1,1,1,1,1,1,1,1
Bibei-2HN_137397_2018,1,1,2,2,1,1,1,1,2,1,1,1
Bibei-2HN_137397_2019,1,1,2,1,1,1,1,1,2,1,1,1
Bibei-2HN_137397_2020,1,1,2,1,1,1,1,1,2,1,0,0
Birba_200140_2020,0,0,0,0,0,0,0,0,1,2,2,0
Blanka_171345_2018,0,0,0,0,0,0,0,1,2,1,0,0
Boris_149505_2015,0,0,0,0,0,0,1,1,2,1,1,1
Boris_149505_2016,1,1,2,1,1,1,1,1,2,2,1,1
Boris_149505_2017,1,1,2,1,1,1,1,1,2,2,1,1
Boris_149505_2018,1,1,2,1,1,1,1,1,2,2,1,1
Boris_149505_2019,1,2,2,1,1,1,1,1,1,2,1,1
Boris_149505_2020,1,1,2,1,1,1,1,1,2,2,0,0
Boyana_171357_2018,0,0,0,0,1,1,1,1,2,2,1,1
Boyana_171357_2019,1,1,1,1,1,2,2,1,1,1,1,1
Boyana_171357_2020,1,1,1,2,2,2,2,1,2,2,0,0
Bruco_48505470927_2017,0,0,0,0,0,0,1,1,2,1,1,1
Bruco_48505470927_2018,1,0,0,0,0,0,0,0,0,0,0,0
C39 Blue_17111_2017,0,0,0,1,1,1,1,1,2,1,1,1
C39 Blue_17111_2018,1,1,1,2,2,1,1,0,0,0,0,0
Cabuk_132087_2014,0,0,0,0,0,0,1,1,2,1,1,1
Cabuk_132087_2015,1,1,1,1,2,2,1,1,1,2,1,1
Calimera 75659_75659_2009,0,0,0,0,0,0,0,1,2,1,1,1
Calimera 75659_75659_2010,1,1,2,1,1,1,1,1,2,1,1,1
Calimera 75659_75659_2011,1,1,2,1,1,1,1,0,0,0,0,0
Calimero 89731_89731_2009,0,0,0,0,0,0,1,1,2,1,1,1
Calimero 89731_89731_2010,1,2,2,1,1,1,1,1,2,1,1,1
Calimero 89731_89731_2011,1,2,2,1,1,1,1,1,2,1,1,1
Calimero 89731_89731_2012,1,2,2,1,1,1,1,1,0,0,0,0
Camaces_17017_2017,0,0,0,0,0,0,1,1,2,0,0,0
Carmen_48500501963_2015,0,0,0,0,0,0,0,0,1,2,2,2
Castor_135955_2014,0,0,0,0,1,1,1,2,2,1,1,1
Castor_135955_2015,1,1,2,2,1,1,1,2,2,1,1,1
Castor_135955_2016,1,1,0,0,0,0,0,0,0,0,0,0
Causses_2018_Imm_wild_OR171075_4X_171075_2018,0,0,0,1,1,1,1,1,2,2,1,1
Causses_2018_Imm_wild_OR171075_4X_171075_2019,1,1,1,1,1,1,1,1,1,1,1,0
Chandoiro-201253_201253_2020,0,0,0,0,0,0,1,2,2,1,0,0
Chuupa_182258_2019,1,1,1,1,1,1,1,1,1,1,1,1
Chuupa_182258_2020,1,1,1,2,2,1,1,2,2,1,0,0
Cirila 89730_89730_2009,0,0,0,0,0,0,1,2,1,1,1,1
Cirila 89730_89730_2010,1,1,2,1,1,1,1,2,1,1,1,1
Cirila 89730_89730_2011,1,2,2,1,1,1,1,2,2,1,1,1
Cirila 89730_89730_2012,1,1,2,1,1,1,1,2,1,1,1,1
Cirila 89730_89730_2013,1,2,2,1,1,0,0,0,0,0,0,0
Clara_IHC_B05AF11F_2018,0,0,0,0,0,0,0,1,2,0,0,0
Clint_190554_2020,0,0,0,0,0,0,0,1,2,1,0,0
Covas-95R_5019_2016,0,0,0,0,0,0,1,1,2,1,1,1
Covas-95R_5019_2017,1,1,1,1,1,1,1,1,1,1,1,1
Covas-95R_5019_2018,1,0,0,0,0,0,0,0,0,0,0,0
Dalol_182250_2019,0,0,0,0,0,0,0,0,0,0,0,1
Dalol_182250_2020,1,1,1,1,2,2,1,2,2,1,0,0
David I03 Red_190591_2019,0,0,0,0,0,0,0,2,1,1,1,1
David I03 Red_190591_2020,1,0,0,0,0,0,0,0,0,0,0,0
Deni_200636_2020,0,0,0,0,0,0,0,2,2,1,0,0
Diego_190555_2019,0,0,0,0,0,0,1,1,2,1,1,1
Diego_190555_2020,1,1,1,1,1,1,1,1,1,1,0,0
Divshon_L I14 Red_190599_2019,0,0,0,0,0,0,1,1,2,1,1,1
Divshon_L I14 Red_190599_2020,1,1,1,1,1,1,1,1,1,1,0,0
Divshon_S I15 Red_190600_2019,0,0,0,0,0,0,1,1,2,1,1,1
Divshon_S I15 Red_190600_2020,1,1,1,1,1,1,1,1,1,1,0,0
Dobromir_118150_2012,0,0,0,0,0,0,0,1,2,2,1,1
Dobromir_118150_2013,1,1,1,1,1,1,1,1,1,1,1,1
Dobromir_118150_2014,1,1,1,1,2,1,1,2,2,1,1,1
Dobromir_118150_2015,1,1,1,1,2,1,1,2,2,1,1,1
Dobromir_118150_2016,1,1,1,1,2,1,1,2,2,0,0,0
Douro_48797733050_2017,0,0,0,0,0,1,1,2,2,1,1,1
Douro_48797733050_2018,1,2,1,1,1,1,1,1,2,1,1,1
Douro_48797733050_2019,1,2,1,1,1,0,0,0,0,0,0,0
Ein-Ovdat1 I09 Red_190596_2019,0,0,0,0,0,0,1,1,2,1,1,1
Ein-Ovdat1 I09 Red_190596_2020,1,1,1,1,1,1,1,1,1,0,0,0
Elodie_135956_2016,0,0,0,0,0,0,0,1,2,2,1,1
Elodie_135956_2017,1,1,1,1,1,1,1,1,1,0,0,0
Encina-9FJ_5783_2017,0,0,0,0,0,0,1,1,2,1,1,1
Encina-9FJ_5783_2018,1,0,0,0,0,0,0,0,0,0,0,0
Ertale_182252_2019,1,1,1,2,2,1,1,1,2,1,1,1
Ertale_182252_2020,1,1,1,2,1,1,1,1,2,2,0,0
EV10_17113_2017,0,0,0,0,0,0,1,2,0,0,0,0
Fabio_190557_2020,0,0,0,0,0,0,0,2,2,2,0,0
Faia_48505476460_2017,0,0,0,0,0,1,1,2,2,1,1,1
Faia_48505476460_2018,1,2,2,1,1,1,1,1,2,1,1,1
Faia_48505476460_2019,1,1,2,1,1,1,1,1,2,1,1,1
Faia_48505476460_2020,1,2,2,1,1,1,1,2,0,0,0,0
Fangueiro_16094_2020,0,0,0,0,0,0,1,1,1,2,0,0
Fer_182253_2019,0,0,0,0,1,1,1,1,1,1,2,2
Francesca_190554_2019,0,0,0,0,0,0,1,1,0,0,0,0
Gamla 2018 H36 Green_180319_2018,0,0,0,0,0,0,1,1,2,1,1,0
Gamla 2018 J4107_180322_2018,0,0,0,0,0,0,1,2,2,1,1,1
Gamla 2018 J4107_180322_2019,1,1,1,1,1,1,1,1,1,1,1,1
Gamla 2018 J4107_180322_2020,1,1,2,2,1,1,1,2,1,0,0,0
Gamla Quarry I07 Red_190594_2019,0,0,0,0,0,0,1,2,2,1,1,1
Gamla Quarry I07 Red_190594_2020,1,1,1,1,1,1,1,1,1,1,0,0
Gamla Schuna I20 Red_200649_2020,0,0,0,0,0,0,1,1,2,1,0,0
Gamla Schuna_L I05 Red_190593_2019,0,0,0,0,0,0,1,1,2,1,1,1
Gamla Schuna_L I05 Red_190593_2020,1,1,1,1,2,2,1,2,2,1,0,0
Gamla Schuna_S I04 Red_190592_2019,0,0,0,0,0,0,1,1,2,1,1,1
Gamla Schuna_S I04 Red_190592_2020,1,1,1,1,1,1,1,1,1,1,0,0
Gardon_2016_Ad_wild_MW707 _707_2016,0,0,1,1,1,1,1,1,2,1,1,1
Gardon_2016_Ad_wild_MW707 _707_2017,1,1,2,1,1,1,1,1,2,1,1,1
Gardon_2016_Ad_wild_MW707 _707_2018,1,1,2,1,1,1,1,1,2,1,1,1
Gardon_2016_Ad_wild_MW707 _707_2019,1,1,2,1,1,1,1,1,2,1,1,1
Gardon_2016_Ad_wild_MW707 _707_2020,1,1,2,0,0,0,0,0,0,0,0,0
Gazam I01 Red_190589_2019,0,0,0,0,0,1,1,2,2,0,0,0
Guipuzcoa 01-Zuri-5533_5533_2017,0,0,0,0,0,0,1,1,2,1,1,1
Guipuzcoa 02-Endoia-5534_5534_2017,0,0,0,0,0,0,1,1,2,0,0,0
Guipuzcoa 03-Ekhi-5533_5533_2018,0,0,0,0,0,0,1,1,2,1,1,1
Guipuzcoa 03-Ekhi-5533_5533_2019,1,1,1,1,1,1,1,1,0,0,0,0
Gurman_114_2017,0,0,0,0,0,0,1,1,2,2,1,1
Gurman_114_2018,1,1,1,1,1,1,1,1,1,1,1,1
H42 Blue_180323_2018,0,0,0,0,0,0,0,0,0,0,0,1
H42 Blue_180323_2019,1,0,0,0,0,0,0,0,0,0,0,0
H42 Green_171086_2017,0,0,0,0,0,0,0,0,0,0,0,1
H42 Green_171086_2018,1,1,1,1,1,1,1,1,2,1,1,1
H42 Green_171086_2019,0,0,0,2,1,1,1,1,2,1,1,1
H42 Green_171086_2020,1,1,2,2,1,1,1,2,1,1,0,0
H50 Green_171084_2017,0,0,0,0,0,0,0,0,0,0,0,1
H50 Green_171084_2018,1,1,1,1,1,1,1,2,0,0,0,0
H54 Green_180324_2018,0,0,0,0,0,0,0,0,0,0,0,1
H54 Green_180324_2019,1,1,1,1,1,1,1,1,2,1,1,1
H54 Green_180324_2020,1,1,1,2,1,1,1,1,2,0,0,0
H57 Green_180325_2018,0,0,0,0,0,0,0,0,0,0,0,1
H57 Green_180325_2019,1,1,1,1,0,0,0,0,0,0,0,0
H60 Blue_16124_2017,0,0,0,0,0,0,0,0,0,0,0,1
H60 Blue_16124_2018,1,1,1,1,1,1,1,2,1,1,1,1
H60 Blue_16124_2019,0,0,0,2,2,1,1,2,2,0,0,0
H70 Green_180326_2018,0,0,0,0,0,0,0,0,0,0,0,1
H70 Green_180326_2019,1,1,1,1,1,1,1,1,2,2,1,1
H70 Green_180326_2020,1,1,1,2,1,1,1,1,2,2,0,0
H73 Blue_180327_2018,0,0,0,0,0,0,0,0,0,0,0,1
H73 Blue_180327_2019,1,1,1,1,0,0,0,0,0,0,0,0
H81 Green_171081_2017,0,0,0,0,0,0,0,0,0,2,2,1
H81 Green_171081_2018,1,1,1,1,1,1,1,1,1,1,1,1
H81 Green_171081_2019,1,1,1,1,2,1,0,0,0,0,0,0
H92 Green_180320_2018,0,0,0,0,0,0,0,0,0,0,0,1
H92 Green_180320_2019,1,1,1,0,0,0,0,0,0,0,0,0
H94 Blue_171085_2017,0,0,0,0,0,0,0,0,0,0,0,1
H94 Blue_171085_2018,1,1,1,1,1,1,1,2,2,1,1,1
H94 Blue_171085_2019,1,1,2,2,1,0,0,0,0,0,0,0
Haydi_132084_2014,0,0,0,0,0,1,1,1,2,2,1,1
Haydi_132084_2015,1,1,1,2,2,1,1,1,2,2,1,1
Haydi_132084_2016,1,1,1,1,1,1,1,1,1,1,0,0
HBC IB5 Red_190587_2020,0,0,0,0,0,0,0,1,1,2,0,0
Hedjet_171349_2019,0,0,0,0,0,0,0,1,2,1,1,1
Hedjet_171349_2020,1,1,1,1,1,1,1,1,1,1,0,0
Heracles_130676_2013,0,0,0,0,0,0,0,1,2,0,0,0
Huebra_17021_2017,0,0,0,0,1,1,1,1,2,2,1,1
Huebra_17021_2018,1,2,1,1,1,1,1,1,1,2,1,1
Huebra_17021_2019,1,2,1,1,0,0,0,0,0,0,0,0
Huesca 01-REKI13_48511907154_2019,0,0,0,0,0,0,1,2,2,1,1,1
Huesca 01-REKI13_48511907154_2020,1,1,1,1,1,1,1,1,1,1,0,0
Huesca 02-REKI28_48500498481_2019,0,0,0,0,0,0,1,2,2,1,1,0
Iberia_171076_2019,0,0,0,0,0,0,0,0,0,1,2,0
Ibrahim_131248_2013,0,0,0,0,0,0,0,1,2,0,0,0
Igdir_118175_2012,0,0,0,0,0,0,0,1,2,2,1,1
Igdir_118175_2013,1,1,2,1,1,1,1,1,2,2,1,1
Igdir_118175_2014,1,1,2,1,1,1,1,1,1,2,1,1
Igdir_118175_2015,1,1,1,0,0,0,0,0,0,0,0,0
IH0 Red_190613_2019,0,0,0,0,0,0,0,0,0,0,0,1
IH0 Red_190613_2020,1,1,1,1,1,1,1,2,2,1,0,0
IH1 Red_190615_2019,0,0,0,0,0,0,0,0,0,0,0,1
IH1 Red_190615_2020,1,1,0,0,0,0,0,0,0,0,0,0
IH3 Red_190610_2019,0,0,0,0,0,0,0,0,0,0,0,1
IH3 Red_190610_2020,1,1,1,1,1,1,0,2,2,1,0,0
IH4 Red_190614_2019,0,0,0,0,0,0,0,0,0,0,0,1
IH4 Red_190614_2020,1,1,1,1,1,1,1,1,2,0,0,0
IH7 Red_190612_2019,0,0,0,0,0,0,0,0,0,0,0,1
IH7 Red_190612_2020,1,1,1,1,1,1,1,1,1,2,0,0
IH9 Red_190611_2019,0,0,0,0,0,0,0,0,0,0,0,1
IH9 Red_190611_2020,1,1,1,1,1,1,1,1,2,0,0,0
Ikaros_118145_2012,0,0,0,0,0,0,0,2,2,0,0,0
Iliaz_118153_2012,0,0,0,0,0,0,0,1,2,2,1,1
Iliaz_118153_2013,1,1,1,1,1,1,1,1,1,1,1,1
Iliaz_118153_2014,1,1,1,1,1,1,1,1,1,1,1,1
Iliaz_118153_2015,1,1,1,2,2,2,1,1,1,1,1,1
Iliaz_118153_2016,1,1,2,2,1,1,1,2,2,1,1,1
Iliaz_118153_2017,1,1,2,2,1,1,1,1,2,1,1,1
Iliaz_118153_2018,1,1,2,2,1,1,1,2,2,1,1,1
Iliaz_118153_2019,1,1,2,2,1,1,1,1,2,1,1,1
Iliaz_118153_2020,1,1,2,2,1,1,1,2,2,1,0,0
Ilin_130675_2013,0,0,0,0,0,0,0,1,1,1,0,0
Ilina_130674_2013,0,0,0,0,0,0,0,1,2,2,0,0
Iste_132086_2014,0,0,0,0,0,1,1,1,2,2,1,1
Iste_132086_2015,1,1,1,2,1,1,1,1,2,1,1,1
Iste_132086_2016,1,1,2,2,1,1,1,1,2,2,1,1
Iste_132086_2017,1,1,2,1,1,1,1,1,2,2,1,1
Iste_132086_2018,1,1,2,1,1,1,1,1,2,1,1,1
Iste_132086_2019,1,1,2,2,1,1,1,1,2,2,1,1
Iste_132086_2020,1,1,2,2,1,1,0,0,0,0,0,0
Izi_171354_2020,0,0,0,0,1,1,1,2,2,2,0,0
Jane_190556_2019,0,0,0,0,0,0,1,1,1,2,1,1
Jane_190556_2020,1,2,1,1,1,1,1,1,1,1,0,0
Jenny_149507_2015,0,0,0,0,0,0,1,1,2,1,1,1
Jenny_149507_2016,1,1,2,2,1,1,1,2,2,1,1,1
Jenny_149507_2017,1,1,2,2,1,1,1,1,2,1,1,1
Jenny_149507_2018,1,1,2,1,1,1,1,1,2,1,1,1
Jenny_149507_2019,1,1,2,2,1,1,1,1,2,2,1,1
Jenny_149507_2020,1,1,2,2,1,1,1,1,1,2,0,0
JuvSendim_16094_2019,0,0,0,0,0,0,0,1,1,0,0,0
Kapchug_115_2017,0,0,0,0,0,0,1,1,2,0,0,0
Karbolet_L I22 Red_200651_2020,0,0,0,0,0,0,1,2,0,0,0,0
Karbolet_S I21 Red_200650_2020,0,0,0,0,0,0,1,1,2,2,0,0
Karel_119158_2015,0,0,0,0,0,0,0,0,1,2,0,0
Kate_190557_2019,0,0,0,0,0,0,1,1,2,1,1,1
Katerina_130671_2013,0,0,0,0,0,0,0,1,2,1,1,1
Katerina_130671_2014,0,0,0,0,1,1,1,1,0,0,0,0
La Rioja 01-Brieva-4404_4404_2016,0,0,0,0,0,0,1,1,2,2,1,1
La Rioja 01-Brieva-4404_4404_2017,1,1,1,1,0,0,0,0,0,0,0,0
La Rioja 02-Quel-4405_4405_2016,0,0,0,0,0,0,1,1,2,0,0,0
La Rioja 02-Quel-4405_4405_2017,0,1,1,1,1,1,1,1,1,1,0,0
La Rioja 03 - Lidia -REKI38_48797732417_2018,0,0,0,0,0,0,1,1,2,2,2,1
La Rioja 03 - Lidia -REKI38_48797732417_2019,1,1,1,1,1,1,1,1,1,1,1,1
La Rioja 03 - Lidia -REKI38_48797732417_2020,1,0,0,0,0,0,0,0,0,0,0,0
Langullo-9FC_5782_2017,0,0,0,0,0,0,1,1,2,0,0,0
Larouco-2HP_48500703772_2016,0,0,0,0,0,0,1,2,2,2,0,0
Larouco-2HP_48500703772_2018,0,0,0,2,1,1,1,2,0,0,0,0
Larouco-2HP_48500703772_2019,1,0,0,2,1,1,1,1,0,0,0,0
Lazaros_108050_2012,0,0,0,0,0,1,1,1,2,1,1,1
Lazaros_108050_2013,1,1,2,0,0,0,0,0,0,0,0,0
Lenka_171345_2019,0,0,0,0,0,0,0,1,2,1,1,0
Leonardo_B15AF11F_2019,0,0,0,0,0,0,0,1,2,0,0,0
Levkipos_118146_2012,0,0,0,0,0,0,0,1,2,2,1,1
Levkipos_118146_2013,1,1,1,1,1,1,1,1,1,1,1,1
Levkipos_118146_2014,1,1,1,1,1,1,1,1,1,1,1,1
Levkipos_118146_2015,1,1,1,1,1,1,0,0,0,0,0,0
Logiya_118174_2013,0,0,0,0,0,0,0,0,0,0,0,1
Logiya_118174_2014,1,1,1,1,2,2,1,2,2,1,1,1
Logiya_118174_2015,1,1,1,2,1,1,1,1,2,1,1,1
Logiya_118174_2016,1,1,1,2,2,1,1,1,2,1,1,1
Logiya_118174_2017,1,1,1,2,1,1,1,1,2,1,1,1
Logiya_118174_2018,1,1,2,2,1,1,1,1,2,1,1,1
Logiya_118174_2019,1,1,2,1,1,1,1,1,2,1,1,1
Logiya_118174_2020,1,1,2,2,1,1,1,1,2,1,0,0
Loma_182260_2019,0,0,0,0,0,0,0,0,0,0,0,1
Loma_182260_2020,1,1,2,2,0,0,0,0,0,0,0,0
Lomets_118149_2016,0,0,0,0,0,0,0,1,2,0,0,0
Lucky_193632_2020,0,0,0,0,0,1,1,2,2,1,0,0
Lucrezia_B05AF11F_2019,0,0,0,0,0,0,0,1,1,2,1,1
Lucrezia_B05AF11F_2020,1,1,1,1,2,1,0,0,0,0,0,0
Macedonia_61952_2011,0,0,0,0,0,0,0,1,2,0,0,0
Malysh_116_2017,0,0,0,0,0,0,1,1,2,2,0,0
Manzaneda-95P_6471_2018,0,0,0,0,0,0,0,1,1,2,1,1
Manzaneda-95P_6471_2019,1,1,1,1,1,1,1,1,1,1,1,1
Maok I37 Red_200647_2020,0,0,0,0,0,0,1,1,2,0,0,0
Maria_149504_2016,0,0,0,0,0,0,0,1,2,2,0,0
Masada I32 Red_200642_2020,0,0,0,0,0,1,1,2,2,1,0,0
Mata-181686_181686_2019,0,0,0,0,0,0,1,1,2,1,1,1
Mata-181686_181686_2020,1,0,0,0,0,0,0,0,0,0,0,0
Molina 80419_80419_2008,0,0,0,0,0,0,0,1,2,1,1,1
Molina 80419_80419_2009,1,2,2,1,1,1,1,1,2,1,1,1
Molina 80419_80419_2010,1,2,1,1,1,1,1,1,2,1,1,1
Molina 80419_80419_2011,1,2,2,1,0,0,0,0,0,0,0,0
Montejo-95N_181641_2018,0,0,0,0,0,0,0,1,2,1,1,1
Montejo-95N_181641_2019,1,1,2,1,1,1,1,1,2,1,1,1
Montejo-95N_181641_2020,1,1,2,1,1,1,1,1,2,1,0,0
Neli_200641_2020,0,0,0,0,0,0,0,0,2,2,0,0
Nikola-Spasimir_182267_2019,0,0,0,0,0,0,0,1,2,0,0,0
Noe_AC5AF11F_2019,0,0,0,0,0,0,0,1,2,2,0,0
Odiseas_118149_2012,0,0,0,0,0,0,0,0,1,0,0,0
Orada_48500703778_2015,0,0,0,0,0,0,1,1,2,1,1,1
Orada_48500703778_2016,1,1,1,1,2,1,1,1,2,1,1,1
Orada_48500703778_2017,1,1,0,0,0,0,0,0,0,0,0,0
Oriana_182256_2019,0,0,0,0,0,0,0,1,2,2,1,1
Oriana_182256_2020,1,1,1,1,1,1,1,1,1,1,0,0
Ossau_2018_Ad_wild_OR17996_PC0_17996_2018,0,0,0,1,1,1,1,1,2,1,1,1
Ossau_2018_Ad_wild_OR17996_PC0_17996_2019,1,2,2,1,1,1,1,1,2,0,0,0
Panteley_171360_2018,0,0,0,0,1,1,1,1,2,2,2,1
Panteley_171360_2019,1,1,1,1,2,2,1,1,2,2,1,1
Panteley_171360_2020,1,1,1,1,2,2,2,1,1,1,0,0
Parzuf_L I35 Red_200645_2020,0,0,0,0,0,0,1,1,2,1,0,0
Parzuf_S I34 Red_200644_2020,0,0,0,0,0,0,1,1,2,1,0,0
Paschalis_130670_2013,0,0,0,0,0,0,0,1,2,1,1,1
Paschalis_130670_2014,1,1,1,0,0,0,0,0,0,0,0,0
Poiares_48797733001_2017,0,0,0,0,0,1,1,1,2,2,1,0
Polya_171356_2018,0,0,0,0,1,1,1,1,1,2,2,1
Polya_171356_2019,1,1,1,1,1,2,1,1,1,2,1,1
Polya_171356_2020,1,1,1,2,2,0,0,0,0,0,0,0
Provence_2016_Ad_wild_EO5018_Salome_8P_5018_2016,0,0,0,0,0,0,0,0,1,1,0,0
Provence_2016_Ad_wild_EO5018_Salome_8P_5018_2017,0,0,1,1,1,1,1,2,1,1,1,1
Provence_2016_Ad_wild_EO5018_Salome_8P_5018_2018,1,1,2,2,1,1,2,2,1,1,1,1
Provence_2016_Ad_wild_EO5018_Salome_8P_5018_2019,1,1,2,2,1,1,1,2,2,1,1,1
Provence_2016_Ad_wild_EO5018_Salome_8P_5018_2020,1,1,1,1,1,1,1,1,1,1,0,0
Pyrenees_2015_Imm_wild_EC48601087785_48601087785_2015,0,0,0,0,0,1,1,1,1,1,1,1
Pyrenees_2015_Imm_wild_EC48601087785_48601087785_2016,0,0,1,1,1,1,1,1,2,1,0,0
R0_16013_2016,0,0,0,1,1,1,1,1,2,2,0,0
R1_16012_2016,0,0,0,1,1,1,1,1,2,1,1,1
R1_16012_2017,1,1,1,1,1,1,1,1,1,1,1,1
R1_16012_2018,1,1,1,1,1,0,0,0,0,0,0,0
R2_16015_2016,0,0,0,1,1,1,1,2,2,2,1,1
R2_16015_2017,1,1,1,1,1,1,1,1,1,1,1,1
R2_16015_2018,1,1,1,1,1,1,1,1,1,1,1,1
R2_16015_2019,1,1,1,0,0,0,0,0,2,1,1,1
R2_190604_2019,1,1,1,0,0,0,0,0,2,1,1,1
R2_190604_2020,1,1,1,2,2,1,1,1,2,1,0,0
R3_16011_2016,0,0,0,1,0,0,0,0,0,0,0,0
R4_16014_2016,0,0,0,1,1,0,0,0,0,0,0,0
Rahaf I02 Red_190590_2019,0,0,0,0,0,0,0,2,2,1,1,1
Rahaf I02 Red_190590_2020,1,1,1,1,1,1,1,1,1,1,0,0
Rahaf I36 Red_200646_2020,0,0,0,0,0,0,0,1,2,1,0,0
Red Cliff_130673_2013,0,0,0,0,0,0,0,1,2,0,0,0
Regina_149506_2016,0,0,0,0,0,0,0,1,2,0,0,0
Romana_171345_2019,0,0,0,0,0,0,0,1,0,0,0,0
Rupis_48511694900_2016,0,0,0,0,0,0,1,1,2,1,1,1
Rupis_48511694900_2017,1,1,1,2,1,1,1,1,2,1,1,1
Rupis_48511694900_2018,1,1,2,1,1,1,1,1,2,2,1,1
Rupis_48511694900_2019,1,1,2,1,1,1,1,1,2,1,1,0
Rupis_48511694900_2020,0,0,0,0,0,0,0,0,0,1,0,0
Sanie_131249_2013,0,0,0,0,0,0,0,1,2,2,1,1
Sanie_131249_2014,1,1,1,1,1,1,1,1,1,1,1,1
Sanie_131249_2015,1,1,1,1,2,2,2,2,2,1,1,1
Sanie_131249_2016,1,1,1,2,2,1,1,2,2,1,0,0
Sara_23306_2015,0,0,0,0,0,0,0,1,2,1,1,1
Sara_23306_2016,1,1,1,1,1,1,1,1,1,1,1,1
Sara_23306_2017,1,1,1,1,2,1,1,2,1,1,1,1
Sara_23306_2018,1,1,1,2,2,1,1,2,1,1,1,1
Sara_23306_2019,1,1,2,2,2,1,1,2,2,1,1,1
Sara_23306_2020,1,1,2,2,2,1,1,2,2,1,0,0
Sarygush_117_2017,0,0,0,0,0,0,1,1,2,2,0,0
Sava_200638_2020,0,0,0,0,0,0,0,1,2,2,0,0
Segovia 06-REKI22_48500499243_2019,0,0,0,0,0,0,1,1,2,1,1,1
Segovia 06-REKI22_48500499243_2020,1,1,1,1,1,1,1,1,1,1,0,0
Serhat_10007_2014,0,0,0,0,0,1,1,1,2,2,0,0
Sharka_182256_2019,0,0,0,0,1,0,0,0,0,0,0,0
Simeon_200639_2020,0,0,0,0,0,0,0,0,2,1,0,0
Sofia_171345_2020,0,0,0,0,1,1,0,0,0,0,0,0
Solomon_200637_2020,0,0,0,0,0,0,0,1,2,2,0,0
Spartacus_61952_2010,0,0,0,0,0,0,0,1,2,2,2,1
Spartacus_61952_2011,1,0,0,0,0,0,0,0,0,0,0,0
Svetlina_118152_2012,0,0,0,0,0,0,0,1,2,2,2,1
Svetlina_118152_2013,1,1,1,1,1,1,1,1,1,1,1,1
Svetlina_118152_2014,1,1,1,1,2,2,0,0,0,0,0,0
Tlalim C48 Blue_171405_2019,0,0,1,1,1,1,1,1,1,2,1,1
Tlalim C48 Blue_171405_2020,1,2,1,1,0,0,0,0,0,0,0,0
Tobia_48500501945_2015,0,0,0,0,0,0,0,0,2,2,1,1
Tobia_48500501945_2016,1,1,1,1,1,1,1,1,1,1,1,1
Tobia_48500501945_2017,1,1,1,1,1,1,1,1,1,1,1,1
Tobia_48500501945_2018,1,1,1,1,2,1,1,2,2,1,1,1
Tobia_48500501945_2019,1,1,1,1,2,0,0,0,0,0,0,0
Tuzluca_209_2013,0,0,0,0,0,1,1,2,2,1,1,1
Tuzluca_209_2014,1,1,1,2,1,1,1,1,2,1,1,1
Tuzluca_209_2015,1,1,2,2,1,1,1,1,2,1,1,1
Tuzluca_209_2016,1,1,2,2,1,1,1,1,2,2,0,0
Uge 75658_75658_2009,0,0,0,0,0,0,0,1,2,1,1,1
Uge 75658_75658_2010,1,1,1,1,1,1,1,1,1,1,1,1
Uge 75658_75658_2011,1,1,1,1,1,1,1,1,1,1,1,1
Uge 75658_75658_2012,1,1,0,0,0,0,0,0,0,0,0,0
Volen_118148_2012,0,0,0,0,0,0,0,1,2,1,1,1
Volen_118148_2013,1,1,1,1,1,1,1,1,1,1,1,1
Volen_118148_2014,1,1,1,1,2,2,1,1,2,0,0,0
Wesal_182264_2019,0,0,0,1,1,2,1,1,1,2,2,1
White 06_119245_2013,0,0,1,1,1,1,1,1,2,1,1,1
White 06_119245_2014,1,1,1,1,2,2,1,1,1,1,1,1
White 06_119245_2015,1,1,2,2,2,2,1,2,0,0,0,0
White 08_119246_2013,0,0,1,1,1,1,1,1,0,0,0,0
X34 Blue_16126_2017,0,0,0,1,1,1,1,1,1,2,1,1
X34 Blue_16126_2018,1,1,1,1,2,1,1,2,0,0,0,0
X86 Blue_180321_2018,0,0,0,0,0,0,0,0,0,0,0,1
X86 Blue_180321_2019,1,0,0,0,0,0,0,0,0,0,0,0
Xeos-9FH_370_2017,0,0,0,0,0,0,1,1,1,2,1,1
Xeos-9FH_370_2018,1,0,0,0,0,0,0,0,0,0,0,0
Yellow 04_119246_2013,0,0,0,0,0,0,0,0,0,0,1,1
Yellow 04_119246_2014,1,1,1,1,1,1,1,1,1,1,1,1
Yellow 04_119246_2015,1,1,1,1,1,0,0,0,0,0,0,0
Yeruham IB2 Red_190605_2020,0,0,0,0,0,0,0,0,2,1,0,0
Zagal 80420_80420_2009,0,0,0,0,0,0,1,1,2,1,1,1
Zagal 80420_80420_2010,1,2,2,1,1,1,1,1,2,1,1,1
Zagal 80420_80420_2011,1,2,2,1,1,1,1,1,2,1,1,1
Zagal 80420_80420_2012,1,2,2,1,1,1,1,2,2,1,1,1
Zagal 80420_80420_2013,1,2,2,1,1,1,1,1,0,0,0,0
Zara_171348_2020,0,0,0,0,1,1,1,1,2,2,0,0
Zaror I18 Red_190603_2019,0,0,0,0,0,0,0,1,1,2,1,1
Zaror I18 Red_190603_2020,1,1,2,1,1,1,1,1,1,2,0,0
Zaror I23 Red_190606_2020,0,0,0,0,0,0,1,2,1,1,0,0
Zaror I24 Red_190607_2020,0,0,0,0,0,0,1,2,1,0,0,0
Zaror I25 Red_200652_2020,0,0,0,0,0,0,0,2,1,1,0,0
Zaror I30 Red_200659_2020,0,0,0,0,0,1,1,2,0,0,0,0
Zaror I31 Red_200660_2020,0,0,0,0,0,1,1,2,0,0,0,0
Zavitan I06 Red_190595_2019,0,0,0,0,0,0,1,1,2,1,1,1
Zavitan I06 Red_190595_2020,1,1,1,1,1,2,1,2,1,0,0,0
Zavitan I08 Red_190597_2019,0,0,0,0,0,0,1,1,2,1,1,1
Zavitan I08 Red_190597_2020,1,1,1,1,1,1,1,1,1,1,0,0
Zavitan I38 Red_200648_2020,0,0,0,0,0,0,1,2,1,1,0,0
Zikmund_171349_2018,0,0,0,0,0,0,0,1,2,0,0,0
Zoe_202342_2020,0,0,0,0,0,0,0,1,1,0,0,0